Request Start, Request End, Path, Parameters, MD5, PID, TID
2020-03-13T19:27:32.032000, 2020-03-13T19:27:32.037000, /, , 2f4384a0b60056a8edcf7910c6784c2e, 4664, 6856
2020-03-13T19:28:29.163000, 2020-03-13T19:28:29.167000, /, , 2f4384a0b60056a8edcf7910c6784c2e, 4664, 7808
2020-03-13T19:28:49.461000, 2020-03-13T19:28:49.467000, /, abc; def, 2f4384a0b60056a8edcf7910c6784c2e, 4664, 6348
2020-03-13T20:25:06.412784, 2020-03-13T20:25:06.450786, /polls/1/, , 05302138847d999751914c8082da604a, 5488, 3824
2020-03-13T20:25:08.929928, 2020-03-13T20:25:09.089937, /polls/1/vote/, , d41d8cd98f00b204e9800998ecf8427e, 5488, 3824
2020-03-13T20:25:09.099938, 2020-03-13T20:25:09.112938, /polls/1/results/, , eccf8b170a1cffeca9087035278cfd11, 5488, 3824
2020-03-13T20:25:24.615825, 2020-03-13T20:25:24.626826, /polls/1/, , 3c60c646165d03a74e6eb625189164e0, 5488, 3824
2020-03-13T20:26:13.306610, 2020-03-13T20:26:13.314610, /polls/1/, def; abc, 036fa93dc9c62cb78949a095c31b48fd, 5488, 3824
2020-03-13T20:30:52.018000, 2020-03-13T20:30:52.030000, /, , 2f4384a0b60056a8edcf7910c6784c2e, 708, 3620
2020-03-13T20:31:01.583000, 2020-03-13T20:31:01.589000, /, , 2f4384a0b60056a8edcf7910c6784c2e, 708, 6344
2020-03-13T21:07:01.854000, 2020-03-13T21:07:01.870000, /, , 2f4384a0b60056a8edcf7910c6784c2e, 5340, 2832
2020-03-13T21:09:12.984518, 2020-03-13T21:09:13.042522, /polls/, , 14951a9d7af245a78fb1dc4e28705660, 4864, 6700
2020-03-13T21:09:19.573895, 2020-03-13T21:09:19.593896, /polls/1/, , 0bc015f0bc64e8a1a2af8e216b0ea3d8, 4864, 7080
2020-03-13T21:09:21.441002, 2020-03-13T21:09:21.607012, /polls/1/vote/, , d41d8cd98f00b204e9800998ecf8427e, 4864, 7080
2020-03-13T21:09:21.620012, 2020-03-13T21:09:21.629013, /polls/1/results/, , fa63363abbd9cbb28dfe2b053f332fc3, 4864, 7080
2020-03-13T21:09:23.770135, 2020-03-13T21:09:23.788136, /polls/1/, , 29ab8bed570b59b1b843bafdd44d7c33, 4864, 7080
2020-03-13T21:09:48.824568, 2020-03-13T21:09:48.838569, /polls/1/, def; abc, 47ac0ecd29baaa4ea002efeb22349661, 4864, 7080
